{
  "project_info": {
    "project_number": "575407961734",
    "firebase_url": "https://smart-safari.firebaseio.com",
    "project_id": "smart-safari",
    "storage_bucket": "smart-safari.appspot.com"
  },
  "client": [
    {
      "client_info": {
        "mobilesdk_app_id": "1:575407961734:android:6fc2b6d08b4d0a5e040307",
        "android_client_info": {
          "package_name": "com.isprid.smartsafari"
        }
      },
      "oauth_client": [
        {
          "client_id": "575407961734-v72h5kca86eep5f6dvi5eiuij5hdgm9l.apps.googleusercontent.com",
          "client_type": 3
        }
      ],
      "api_key": [
        {
          "current_key": "AIzaSyDD0Ym_IQWA2hZy9Csvsv2bx4qCHx4b2Eo"
        }
      ],
      "services": {
        "appinvite_service": {
          "other_platform_oauth_client": [
            {
              "client_id": "575407961734-v72h5kca86eep5f6dvi5eiuij5hdgm9l.apps.googleusercontent.com",
              "client_type": 3
            }
          ]
        }
      }
    },
    {
      "client_info": {
        "mobilesdk_app_id": "1:575407961734:android:34cfe53dadd5d163040307",
        "android_client_info": {
          "package_name": "com.isprid.smartsafaridashboard"
        }
      },
      "oauth_client": [
        {
          "client_id": "575407961734-v72h5kca86eep5f6dvi5eiuij5hdgm9l.apps.googleusercontent.com",
          "client_type": 3
        }
      ],
      "api_key": [
        {
          "current_key": "AIzaSyDD0Ym_IQWA2hZy9Csvsv2bx4qCHx4b2Eo"
        }
      ],
      "services": {
        "appinvite_service": {
          "other_platform_oauth_client": [
            {
              "client_id": "575407961734-v72h5kca86eep5f6dvi5eiuij5hdgm9l.apps.googleusercontent.com",
              "client_type": 3
            }
          ]
        }
      }
    }
  ],
  "configuration_version": "1"
}